get up|leave bed after sleeping|I get up at seven on weekdays.|A1–A2|bed,person,up|A person rises from a bed.
get on|board a vehicle|We got on the bus at the next stop.|A1–A2|person,bus,toward|A person steps toward an open bus door.
get off|leave a vehicle|Get off the train at Central Station.|A1–A2|train,person,away|A person steps away from a train.
get in|enter a car or small space|She got in the car and closed the door.|A1–A2|person,car,toward|A person moves toward an open car.
get out|leave a place or vehicle|We got out of the car by the lake.|A1–A2|car,person,away|A person moves away from a car.
get back|return to a place|I'll get back home before dinner.|A1–A2|person,house,toward|A person returns toward a house.
get together|meet socially|Let's get together for coffee on Friday.|A1–A2|person,person,connect|Two people meet, joined by linking lines.
get along|have a friendly relationship|The two neighbors get along well.|A1–A2|person,heart,connect|Two people share a friendly heart symbol.
get over|recover from an illness or difficulty|It took her a week to get over the flu.|B1–B2|person,cloud,over|A person moves past a dark cloud.
get by|manage with what is available|We can get by with one small car.|B1–B2|person,car,check|A person manages with a single small car.
go out|leave home for an activity|We went out for dinner last night.|A1–A2|house,person,away|A person walks away from a house.
go back|return to a previous place|We need to go back to the hotel.|A1–A2|person,hotel,toward|A person heads back toward a hotel.
go on|continue happening|The meeting went on for two hours.|B1–B2|clock,arrow,repeat|A clock shows an event continuing.
go away|leave a place|The family went away for the weekend.|A1–A2|house,bag,away|A packed bag moves away from a house.
go up|increase|Food prices went up again.|A1–A2|coin,chart,up|A rising line appears beside a coin.
go down|decrease|The temperature went down overnight.|A1–A2|thermometer,chart,down|A thermometer appears beside a falling line.
go off|start ringing or sounding|My alarm went off at six.|A1–A2|alarm,spark,burst|An alarm clock rings with radiating lines.
go through|experience something difficult|They went through a hard winter.|B1–B2|person,cloud,through|A person passes through a storm cloud.
go over|review carefully|Let's go over the answers together.|B1–B2|book,magnifier,over|A magnifier passes over an open book.
go ahead|begin or proceed|You can go ahead without me.|B1–B2|person,path,toward|A person starts along a clear path.
come in|enter a room|Please come in and sit down.|A1–A2|person,door,toward|A person enters through a doorway.
come out|leave an enclosed place|The children came out of the classroom.|A1–A2|door,person,away|A person emerges from a doorway.
come back|return|When will you come back from your trip?|A1–A2|bag,house,toward|A travel bag returns toward a house.
come over|visit someone's home|My cousins are coming over tonight.|A1–A2|person,house,follow|A visitor approaches a house.
come up|arise or be mentioned|A new question came up in class.|B1–B2|question,book,up|A question mark rises above a book.
come across|find by chance|I came across an old photo in a drawer.|B1–B2|drawer,photo,burst|An old photo appears in an opened drawer.
come along|join someone|Would you like to come along to the market?|A1–A2|person,person,follow|One person follows and joins another.
come down|move from a higher place|The cat came down from the tree.|A1–A2|tree,cat,down|A cat descends from a tree.
come up with|think of an idea or plan|Mia came up with a clever solution.|B1–B2|person,bulb,burst|A light bulb appears above a person's head.
take off|remove clothing|Please take off your shoes at the door.|A1–A2|person,shoe,away|A shoe moves away from a person's foot.
take out|remove something from inside|He took out his keys from the bag.|A1–A2|bag,key,away|A key is lifted out of a bag.
take away|remove from a place|The waiter took away our empty plates.|A1–A2|table,plate,away|An empty plate moves away from a table.
take back|return an item|I took the broken lamp back to the shop.|B1–B2|lamp,shop,toward|A lamp is carried back toward a shop.
take over|gain control of something|Her sister took over the family business.|B1–B2|person,desk,connect|A new person takes a seat at a work desk.
take up|start a hobby or activity|He took up painting last spring.|B1–B2|person,brush,toward|A person picks up a paintbrush.
take after|resemble a family member|Lea takes after her mother.|B1–B2|person,person,mirror|Two family faces resemble one another.
take care of|look after someone or something|Can you take care of my plants?|A1–A2|person,plant,help|A person tends a small potted plant.
take part in|participate in an activity|Our class took part in the race.|B1–B2|person,flag,toward|A person approaches a race flag.
take on|accept a responsibility|She took on an extra project.|B1–B2|person,folder,toward|A person accepts another work folder.
put on|dress in clothing|Put on your coat; it's cold outside.|A1–A2|person,coat,toward|A person puts on a coat.
put off|delay an event|We put off the picnic until Sunday.|B1–B2|calendar,picnic,away|A picnic moves to a later calendar date.
put away|place something in storage|Please put away your toys after playing.|A1–A2|toy,box,toward|A toy is placed inside a storage box.
put down|place something on a surface|She put down her cup beside the book.|A1–A2|cup,table,down|A cup is lowered onto a table.
put up with|tolerate something unpleasant|He puts up with the noise next door.|B1–B2|person,speaker,check|A person endures noise from a speaker.
put out|extinguish a fire|The firefighters put out the small fire.|B1–B2|water,fire,toward|Water reaches a small flame and puts it out.
put back|return to its place|Put the book back on the shelf.|A1–A2|book,shelf,toward|A book returns to a shelf.
put together|assemble parts|We put together the new desk.|B1–B2|tool,desk,connect|A tool joins the parts of a desk.
put in|insert something|She put the letter in the envelope.|A1–A2|letter,envelope,toward|A letter slides into an envelope.
put up|raise or display something|They put up a tent near the river.|B1–B2|person,tent,up|A person raises a tent pole.
turn on|start a device|Could you turn on the lights?|A1–A2|hand,lamp,burst|A hand switches on a glowing lamp.
turn off|stop a device|Turn off the TV before bed.|A1–A2|hand,screen,cross|A hand switches off a screen.
turn up|increase volume or intensity|Please turn up the music a little.|A1–A2|speaker,wave,up|Sound waves grow beside a speaker.
turn down|reduce volume or reject|Turn down the radio; the baby is asleep.|A1–A2|speaker,wave,down|Sound waves shrink beside a speaker.
turn around|face the opposite direction|Turn around and look at the sea.|A1–A2|person,sea,around|A person turns to face the sea.
turn back|reverse direction|The road was closed, so we turned back.|B1–B2|car,barrier,around|A car reverses at a road barrier.
turn into|become something different|The old factory turned into a library.|B1–B2|factory,book,change|A factory changes into a library book symbol.
turn out|prove to be the case|The exam turned out to be easier than expected.|B1–B2|question,check,change|A question changes into a check mark.
turn over|flip to the other side|Turn over the page to see the map.|A1–A2|page,map,around|A page flips to reveal a map.
turn to|ask someone for help|She turned to her friend for advice.|B1–B2|person,person,help|One person asks another for help.
look for|try to find|I'm looking for my blue notebook.|A1–A2|magnifier,book,toward|A magnifier searches for a notebook.
look after|care for|He looks after his little brother.|A1–A2|person,child,help|An adult cares for a child.
look up|search for information|Look up the word in a dictionary.|A1–A2|magnifier,book,inside|A magnifier searches inside a dictionary.
look forward to|feel pleased about a future event|We're looking forward to the holiday.|B1–B2|person,calendar,toward|A person looks ahead to a marked holiday date.
look out|be careful of danger|Look out! A bike is coming.|A1–A2|eye,bike,burst|An eye spots an approaching bicycle.
look into|investigate|The team will look into the problem.|B1–B2|magnifier,question,inside|A magnifier examines a question mark.
look back|think about the past|She looks back on her school days fondly.|B1–B2|person,clock,around|A person looks back toward an old clock.
look over|examine quickly|Could you look over my report?|B1–B2|eye,report,over|An eye scans the pages of a report.
look up to|admire someone|He has always looked up to his teacher.|B1–B2|child,teacher,up|A child looks up admiringly at a teacher.
break down|stop working|Our car broke down on the motorway.|B1–B2|car,tool,cross|A stopped car sits beside a repair tool.
break up|end a relationship|They broke up last summer.|B1–B2|person,heart,split|A broken heart separates two people.
break in|enter illegally|Someone tried to break in last night.|B1–B2|lock,door,cross|A damaged lock hangs on a door.
break out|start suddenly|A fire broke out in the kitchen.|B1–B2|house,fire,burst|Flames suddenly appear in a house.
break off|separate a piece|He broke off a piece of chocolate.|B1–B2|chocolate,piece,split|A piece breaks away from a chocolate bar.
break through|pass a barrier|The sun broke through the clouds.|B1–B2|sun,cloud,through|Sunlight passes through a cloud.
bring back|return something or remind someone|Please bring back the library book tomorrow.|A1–A2|book,library,toward|A book returns to a library shelf.
bring up|mention a subject|Don't bring up the surprise party yet.|B1–B2|speech,gift,up|A speech bubble raises the subject of a gift.
bring in|introduce or carry inside|They brought in fresh chairs for the guests.|A1–A2|chair,door,toward|A chair is carried through a doorway.
bring out|make something available|The baker brought out a fresh loaf.|B1–B2|oven,bread,away|A loaf of bread comes out of an oven.
bring along|take someone or something with you|Bring along a bottle of water.|A1–A2|person,bottle,follow|A person travels with a bottle.
bring about|cause a change|The new plan brought about better results.|C1|plan,chart,change|A plan changes a flat chart into a rising one.
give up|stop trying or doing something|Don't give up after one hard lesson.|B1–B2|person,flag,down|A person lowers a flag after stopping.
give back|return something|Please give back my pencil.|A1–A2|hand,pencil,toward|A hand returns a pencil to another hand.
give away|give without payment|They gave away their old books.|B1–B2|book,hand,away|Books pass freely from one hand to another.
give out|distribute|The teacher gave out the worksheets.|B1–B2|teacher,paper,away|A teacher distributes sheets of paper.
give in|stop resisting|After an hour, he gave in and agreed.|B1–B2|person,barrier,down|A person lowers a barrier in agreement.
give off|produce a smell, heat, or light|The flowers give off a sweet smell.|B1–B2|flower,wave,away|Gentle scent lines rise from a flower.
make up|invent a story|He made up an excuse for being late.|B1–B2|person,speech,burst|A person invents a story in a speech bubble.
make out|see or hear with difficulty|I could barely make out the sign in the fog.|B1–B2|eye,sign,through|An eye struggles to see a sign through fog.
make up for|compensate for something|She made up for lost time by working late.|B1–B2|clock,work,connect|Extra work balances lost time on a clock.
make do|manage without ideal supplies|We made do with two chairs for three guests.|B1–B2|chair,person,check|Three guests manage with only two chairs.
run out of|use all of something|We ran out of milk this morning.|A1–A2|bottle,drop,cross|An empty milk bottle has no drops left.
run into|meet unexpectedly|I ran into my old coach downtown.|B1–B2|person,person,burst|Two people meet unexpectedly, marked by radiating lines.
run away|escape|The dog ran away through the open gate.|A1–A2|dog,gate,away|A dog runs away through an open gate.
run over|hit with a vehicle|A car nearly ran over the bicycle.|B1–B2|car,bike,over|A car passes dangerously close to a bicycle.
run through|rehearse or review quickly|Let's run through the plan once more.|B1–B2|person,plan,repeat|A person reviews a plan from start to finish.
run after|chase|The child ran after the rolling ball.|A1–A2|child,ball,follow|A child chases a rolling ball.
set up|arrange or create|They set up a small market stall.|B1–B2|person,stall,connect|A person assembles a market stall.
set off|begin a journey|We set off before sunrise.|B1–B2|person,sun,away|Travelers leave as the sun rises.
set out|start with a particular aim|She set out to learn Japanese.|B1–B2|person,book,toward|A learner starts toward an open book.
set aside|reserve for later|I set aside money for the trip.|B1–B2|coin,jar,toward|Coins are put into a savings jar.
set back|delay progress|The storm set back the building work.|C1|cloud,building,barrier|A storm delays work on a building.
set down|write or place something|He set down the instructions on paper.|B1–B2|pencil,plan,down|A pencil writes instructions on a plan.
pick up|lift something|Please pick up your bag from the floor.|A1–A2|hand,bag,up|A hand lifts a bag from the floor.
pick out|choose from a group|She picked out a red scarf.|B1–B2|hand,scarf,toward|A hand selects one scarf from a group.
pick on|treat someone unfairly|Older children picked on the new pupil.|B1–B2|child,child,cross|One child is singled out by another.
hold on|wait briefly|Hold on while I find your file.|A1–A2|hand,clock,wait|A raised hand asks someone to wait by a clock.
hold up|delay or stop progress|Traffic held us up for an hour.|B1–B2|car,clock,barrier|A car waits behind traffic while a clock passes.
hold back|stop yourself from showing emotion|She held back her tears.|B1–B2|person,drop,barrier|A person keeps a tear from falling.
hold out|offer something in your hand|He held out the map for us to see.|B1–B2|hand,map,toward|An outstretched hand offers a map.
keep on|continue doing something|Keep on walking until you see the bridge.|A1–A2|person,path,repeat|A walker continues along a path.
keep up|stay at the same level or pace|I can't keep up with that fast runner.|B1–B2|person,runner,follow|A runner tries to follow a faster runner.
keep away|stay at a distance|Keep away from the wet paint.|A1–A2|person,paint,away|A person stays clear of wet paint.
keep out|prevent entry|The fence keeps animals out of the garden.|B1–B2|fence,dog,barrier|A fence stops an animal entering a garden.
keep back|remain behind|Please keep back from the platform edge.|B1–B2|person,edge,barrier|A person stands back from a platform edge.
call back|return a phone call|I'll call you back after lunch.|A1–A2|phone,person,return|A phone call returns to the first caller.
call off|cancel|They called off the match because of rain.|B1–B2|ball,rain,cross|Rain cancels a ball game.
call on|ask someone to speak|The teacher called on Ana to answer.|B1–B2|teacher,child,toward|A teacher invites a pupil to answer.
call for|require something|This recipe calls for two eggs.|B1–B2|recipe,egg,toward|A recipe points to two eggs.
call out|speak loudly to someone|She called out from the garden.|A1–A2|person,house,speak|A person calls toward a house from outside.
carry on|continue an activity|Please carry on with your reading.|B1–B2|person,book,repeat|A reader continues through an open book.
carry out|perform a task|The team carried out the experiment.|B1–B2|person,flask,check|A person completes an experiment using a flask.
cut down on|reduce the amount of something|I'm trying to cut down on sugar.|B1–B2|spoon,sugar,down|A spoonful of sugar becomes smaller.
cut off|disconnect or separate|The storm cut off the power.|B1–B2|cloud,plug,split|A storm breaks an electrical connection.
cut out|remove a shape by cutting|She cut out a paper star.|A1–A2|scissors,star,toward|Scissors cut out a star shape.
cut back|reduce spending or use|We need to cut back on fuel costs.|B1–B2|coin,fuel,down|A coin and fuel pump show spending falling.
cut in|interrupt someone speaking|Please don't cut in while she's talking.|B1–B2|speech,person,cross|A second speaker interrupts a speech bubble.
drop off|deliver someone or something|I'll drop you off at the station.|A1–A2|car,station,toward|A car stops at a station.
drop by|visit briefly|Drop by for tea whenever you're nearby.|B1–B2|person,house,wait|A visitor makes a brief stop at a house.
drop out|stop taking part|He dropped out of the course in June.|B1–B2|person,school,away|A student leaves a course before finishing.
fall down|drop to the ground|The small tower fell down in the wind.|A1–A2|tower,ground,down|A tower tips down toward the ground.
fall over|lose balance and fall|The child fell over on the grass.|A1–A2|child,ground,over|A child loses balance and falls sideways.
fall apart|break into pieces|My old suitcase is falling apart.|B1–B2|suitcase,piece,split|A worn suitcase separates into pieces.
fall behind|fail to stay at the same pace|I fell behind with my homework.|B1–B2|person,book,barrier|A learner lags behind a stack of homework.
fall for|be deceived by or attracted to|He fell for the fake offer.|B1–B2|person,trap,toward|A person reaches toward a tempting trap.
fill in|complete missing information|Fill in your name on the form.|A1–A2|pencil,form,toward|A pencil fills a blank field on a form.
fill out|complete a form|Please fill out this application.|A1–A2|pen,form,check|A pen completes a paper application.
fill up|make completely full|She filled up the bottle with water.|A1–A2|water,bottle,up|Water rises to the top of a bottle.
find out|discover information|We found out when the museum opens.|A1–A2|magnifier,clock,burst|A magnifier reveals the museum opening time.
figure out|understand or solve|I figured out how the lock works.|B1–B2|person,lock,check|A person solves the mechanism of a lock.
work out|solve a problem|We worked out the answer together.|B1–B2|pencil,question,check|A pencil turns a question into a solved answer.
work on|spend time improving something|She's working on her pronunciation.|A1–A2|person,microphone,repeat|A learner practices speaking into a microphone.
work through|deal with step by step|Let's work through these questions.|B1–B2|paper,check,through|A page and check mark show completed steps.
work towards|make progress toward a goal|They are working towards a new school.|B1–B2|person,school,toward|Builders move steadily toward a school goal.
work up|develop gradually|She worked up the courage to speak.|C1|person,microphone,up|A speaker gathers courage before a microphone.
show up|arrive|Only six guests showed up.|B1–B2|person,party,burst|A guest appears at a party doorway.
show off|try to impress people|He showed off his new bike.|B1–B2|person,bike,burst|A person proudly displays a bicycle.
show around|guide someone through a place|I'll show you around the office.|B1–B2|person,building,around|A guide leads a visitor around a building.
stand up|rise to your feet|Everyone stood up when the music began.|A1–A2|chair,person,up|A person rises from a chair.
stand out|be easy to notice|Her yellow umbrella stood out in the crowd.|B1–B2|crowd,umbrella,burst|One umbrella is noticeable among a crowd.
stand by|support someone|I'll stand by you during the meeting.|B1–B2|person,friend,help|One person stands beside a friend in support.
stand for|represent or mean|The letters stand for our school name.|B1–B2|letters,school,connect|Initial letters point to a school building.
stand up for|defend someone or something|She stood up for her friend.|B1–B2|person,friend,barrier|A person protects a friend from harm.
stay in|remain at home|Let's stay in and watch a film.|A1–A2|person,house,inside|A person relaxes inside a house.
stay up|remain awake late|I stayed up to finish the book.|A1–A2|person,moon,up|A reader stays awake beneath the moon.
stay away|avoid going near|Stay away from the broken glass.|A1–A2|person,glass,away|A person keeps clear of broken glass.
stay over|spend the night as a guest|My cousin stayed over on Saturday.|B1–B2|person,bed,inside|A guest sleeps in a spare bed.
step in|intervene|A teacher stepped in to stop the argument.|B1–B2|teacher,people,barrier|A teacher stands between two arguing people.
step down|leave a position of authority|The chairperson stepped down in May.|B1–B2|person,podium,down|A leader steps away from a podium.
step up|increase effort or activity|The team stepped up its training.|B1–B2|runner,chart,up|A runner's training level rises.
step back|move away to see clearly|Step back and look at the whole painting.|B1–B2|person,picture,away|A viewer steps back from a painting.
throw away|put in the trash|Throw away the empty carton.|A1–A2|carton,bin,toward|An empty carton goes into a bin.
throw out|discard|They threw out the old carpet.|B1–B2|carpet,bin,toward|An old carpet is discarded in a bin.
throw up|vomit|The child threw up after the boat trip.|B1–B2|child,boat,down|A seasick child bends beside a boat.
try on|put on to check fit|Can I try on these boots?|A1–A2|person,boot,toward|A person tries a boot on one foot.
try out|test something|We tried out the new camera.|B1–B2|person,camera,check|A person tests a new camera.
write down|record in writing|Write down the address before you leave.|A1–A2|pen,paper,down|A pen records an address on paper.
write up|prepare a full written report|She wrote up the results after the test.|B1–B2|pen,report,check|A pen completes a detailed report.
write back|reply by letter or email|He wrote back the next day.|A1–A2|letter,letter,return|A reply letter travels back to its sender.
back up|make a safety copy|Back up your photos before changing phones.|B1–B2|phone,cloud,connect|A phone is linked to a cloud for backup.
back down|stop insisting on an argument|He backed down after seeing the evidence.|C1|person,paper,down|A person lowers a raised argument after reading evidence.
back away|move backwards from something|She backed away from the angry dog.|B1–B2|person,dog,away|A person steps backward from a dog.
back out|withdraw from a plan|One investor backed out of the deal.|B1–B2|person,contract,away|A person moves away from a signed contract.
blow up|explode|The balloon blew up with a loud pop.|B1–B2|balloon,spark,burst|A balloon bursts into radiating pieces.
blow out|extinguish by blowing|She blew out the birthday candles.|A1–A2|person,candle,away|A person blows out a candle flame.
blow away|carry away with wind|The wind blew away my notes.|A1–A2|wind,paper,away|Wind carries a sheet of paper away.
check in|register on arrival|We checked in at the hotel desk.|A1–A2|person,register,toward|A traveler approaches a registration sheet.
check out|leave a hotel after paying|We checked out before noon.|A1–A2|person,hotel,away|A traveler leaves a hotel.
check up on|make sure someone is well|I'll check up on Grandpa this evening.|B1–B2|person,phone,help|A person phones an older relative to check on them.
clean up|make a place clean and tidy|We cleaned up the kitchen after dinner.|A1–A2|person,broom,check|A person tidies a kitchen with a broom.
clear up|become less cloudy or confusing|The sky cleared up by lunchtime.|B1–B2|cloud,sun,away|Clouds move away to reveal the sun.
clear out|remove unwanted things|We cleared out the old cupboard.|B1–B2|cupboard,box,away|Old boxes move out of a cupboard.
close down|stop operating permanently|The small cinema closed down last year.|B1–B2|cinema,lock,close|A cinema is locked after closing.
count on|rely on someone|You can count on me to help.|B1–B2|person,team,help|One person supports teammates with a steady hand.
count down|count backward to an event|The crowd counted down to midnight.|B1–B2|clock,crowd,down|A crowd watches a clock approach midnight.
cross out|draw a line through writing|Cross out the wrong answer.|A1–A2|pen,word,cross|A pen draws a line through a wrong word.
deal with|handle a problem|I'll deal with the broken printer later.|B1–B2|person,printer,check|A person repairs a troubled printer.
do without|manage in the absence of something|We had to do without hot water.|B1–B2|person,tap,cross|A person copes with an empty water tap.
dress up|wear special or formal clothes|The children dressed up for the play.|A1–A2|child,costume,toward|A child puts on a stage costume.
eat out|have a meal at a restaurant|We eat out once a month.|A1–A2|person,restaurant,toward|A diner sits down at a restaurant table.
end up|finally be in a situation|We ended up walking home in the rain.|B1–B2|person,rain,toward|Travelers unexpectedly walk home through rain.
face up to|accept a difficult fact|He faced up to the mistake.|C1|person,mirror,toward|A person faces a mirror showing a mistake.
follow up|act after a first contact|I'll follow up the email with a call.|B1–B2|letter,phone,follow|A phone call follows an earlier email.
get around|travel from place to place|We got around the city by bike.|B1–B2|bike,city,around|A bicycle circles several city streets.
get away|escape or take a short holiday|They got away to the coast for two days.|B1–B2|person,sea,away|A person travels toward the sea.
get down|feel sad or discouraged|The bad news got him down.|B1–B2|person,cloud,down|A person droops beneath a gloomy cloud.
get through|finish something difficult|She got through all her homework.|B1–B2|person,book,through|A learner reaches the end of a book stack.
get across|communicate an idea clearly|He got his point across with a drawing.|B1–B2|person,speech,connect|An idea travels from one speaker to another.
get away with|avoid punishment for something|The thief did not get away with it.|B1–B2|person,lock,barrier|A thief is stopped beside a lock.
give way|yield to someone|Cars must give way at this junction.|B1–B2|car,car,wait|One car waits while another passes.
grow up|become an adult|She grew up near the sea.|A1–A2|child,person,up|A child grows taller into an adult.
grow out of|become too big for|The baby grew out of those shoes.|B1–B2|child,shoe,away|A growing child's foot no longer fits a shoe.
hand in|submit work|Hand in your essay on Monday.|A1–A2|hand,paper,toward|A hand offers a written page.
hand out|distribute|Volunteers handed out water at the race.|B1–B2|hand,bottle,away|A volunteer gives out water bottles.
hand over|give control or possession|She handed over the office keys.|B1–B2|hand,key,connect|A key passes from one hand to another.
hang on|wait for a short time|Hang on while I check the address.|A1–A2|phone,clock,wait|A caller waits beside a phone and clock.
hang up|end a phone call|He hung up after saying goodbye.|A1–A2|hand,phone,down|A hand ends a call on a phone.
hang out|spend relaxed time together|We hung out in the park after school.|A1–A2|people,tree,connect|Friends relax together under a tree.
hang around|wait or spend time without a plan|We hung around outside the theater.|B1–B2|people,theater,wait|A group waits outside a theater.
head out|leave a place|We headed out just after breakfast.|B1–B2|person,bag,away|A traveler sets off with a bag.
head for|move toward a destination|The boat headed for the island.|B1–B2|boat,island,toward|A boat moves toward an island.
help out|give practical help|Can you help out at the school fair?|A1–A2|person,stall,help|A volunteer helps at a fair stall.
join in|participate in a group activity|Everyone joined in the singing.|A1–A2|person,choir,toward|One singer joins a choir.
leave out|omit|You left out the last question.|B1–B2|paper,question,away|One question is missing from a page.
leave behind|forget or abandon something|I left my scarf behind on the train.|B1–B2|scarf,train,away|A scarf remains on a train as someone leaves.
let in|allow to enter|Please let the cat in before it rains.|A1–A2|cat,door,toward|A door opens to let a cat inside.
let out|allow to leave|She let the dog out into the garden.|A1–A2|dog,door,away|A dog leaves through an open door.
let down|disappoint someone|I don't want to let my team down.|B1–B2|person,team,down|A person stands beside a team with a downward arrow.
let go|release something|Let go of the rope when I say so.|B1–B2|hand,rope,away|A hand releases a rope.
lie down|put your body flat to rest|Lie down for a while if you feel tired.|A1–A2|person,bed,down|A person lies down on a bed.
line up|stand in a row|Please line up outside the classroom.|A1–A2|people,door,connect|Children stand in a line by a classroom door.
live on|have money or food to survive|They lived on a small pension.|B1–B2|person,coin,check|A person manages with a few coins.
log in|enter a computer account|Log in with your school password.|A1–A2|person,computer,toward|A user enters an account on a computer.
log out|leave a computer account|Remember to log out on a shared device.|A1–A2|computer,person,away|A user leaves an account on a computer.
move in|start living in a new home|They moved in on Saturday.|A1–A2|box,house,toward|Moving boxes enter a new house.
move out|leave a home permanently|My flatmate moved out in June.|A1–A2|house,box,away|Moving boxes leave a house.
move on|continue to a new thing|Let's move on to the next chapter.|B1–B2|book,page,forward|A reader turns toward the next chapter.
open up|make something accessible|The new bridge opened up the valley.|B1–B2|bridge,valley,open|A bridge opens a route into a valley.
opt out|choose not to take part|You can opt out of the survey.|C1|person,form,away|A person steps away from an optional survey.
pass away|die|Her grandfather passed away peacefully.|B1–B2|person,flower,fade|A flower marks remembrance of a loved one.
pass out|lose consciousness|He passed out in the heat.|B1–B2|person,sun,down|A person faints under a hot sun.
pass on|give something to another person|Please pass on this message to Sam.|B1–B2|hand,letter,forward|A written message passes from hand to hand.
pay back|return borrowed money|I'll pay you back on Friday.|B1–B2|coin,hand,return|Coins return to the lender's hand.
pay off|finish paying a debt|They paid off the loan last month.|B1–B2|coin,contract,check|A loan paper is marked paid after final coins.
point out|draw attention to something|She pointed out the spelling mistake.|B1–B2|hand,word,toward|A finger points to a mistake in a word.
pull over|move a vehicle to the roadside|The driver pulled over to read the map.|B1–B2|car,road,side|A car moves toward the side of a road.
pull out|remove or leave|The train pulled out of the station.|B1–B2|station,train,away|A train leaves a station platform.
pull off|succeed in something difficult|They pulled off a surprise victory.|C1|team,trophy,burst|A team celebrates an unexpected trophy.
pull through|recover from serious illness|She pulled through after the operation.|C1|person,heart,through|A patient recovers beyond a hospital heart monitor.
pull together|work as a team|We need to pull together to finish today.|B1–B2|people,rope,connect|Several people pull one rope together.
push back|delay or resist|The launch was pushed back a week.|B1–B2|calendar,rocket,back|A rocket launch shifts to a later calendar day.
push on|continue despite difficulty|We pushed on through the heavy rain.|B1–B2|person,rain,forward|A walker continues through heavy rain.
rely on|depend on someone or something|We rely on the bus to get to work.|B1–B2|person,bus,connect|A commuter depends on a bus route.
roll out|introduce a new product or plan|The school rolled out a new timetable.|C1|calendar,school,forward|A new timetable spreads across a school.
rule out|decide something is impossible|The doctor ruled out an infection.|C1|doctor,virus,cross|A doctor crosses out a possible infection.
save up|keep money for a future purchase|She's saving up for a bicycle.|A1–A2|coin,bike,toward|Coins collect beside a desired bicycle.
see off|say goodbye to someone leaving|We saw our friends off at the airport.|B1–B2|people,plane,away|Friends wave goodbye beside an airplane.
see through|recognize that something is false|She saw through his excuse.|C1|eye,mask,through|An eye sees past a false mask.
sell out|sell all available items|The concert sold out in an hour.|B1–B2|ticket,sign,cross|All concert tickets are gone from a stand.
send back|return something by post|I sent back the shoes that didn't fit.|B1–B2|box,shop,return|A parcel travels back toward a shop.
send off|mail or dispatch|I sent off the application yesterday.|B1–B2|letter,postbox,toward|An application enters a postbox.
settle down|begin a calmer or stable life|They settled down in a small town.|B1–B2|people,house,inside|A family makes a home in a quiet town.
shake off|free yourself from something unpleasant|She shook off the cold and went to work.|C1|person,cloud,away|A person leaves a cold-weather cloud behind.
shut down|stop operating|The computer shut down suddenly.|B1–B2|computer,power,cross|A computer screen goes dark.
sign in|record your arrival|Visitors must sign in at reception.|A1–A2|pen,register,toward|A visitor writes a name in a register.
sign up|join by registering|I signed up for a cooking class.|A1–A2|pen,form,connect|A learner signs a class registration form.
sit down|move into a seated position|Sit down and make yourself comfortable.|A1–A2|person,chair,down|A person lowers into a chair.
sit back|relax without taking action|Sit back and enjoy the music.|B1–B2|person,chair,back|A person leans back in a chair.
sleep in|wake later than usual|I slept in on Sunday morning.|B1–B2|bed,clock,wait|A sleeper remains in bed past the usual hour.
slow down|reduce speed|Slow down near the school.|A1–A2|car,school,down|A car slows near a school building.
sort out|organize or solve|We sorted out the travel plans.|B1–B2|paper,folder,check|Travel papers are sorted into a folder.
speak up|speak more loudly|Please speak up; the room is noisy.|A1–A2|person,speech,up|A speaker's voice waves grow larger.
split up|separate into groups|We split up to search the park.|B1–B2|people,path,split|A group divides along two park paths.
stick to|continue following a plan|Let's stick to the original schedule.|B1–B2|person,plan,follow|A person follows a marked plan without leaving it.
sum up|state the main points briefly|Can you sum up the meeting in a sentence?|C1|paper,speech,connect|A long page becomes a short speech bubble.
switch on|start an electrical device|Switch on the fan if you're hot.|A1–A2|hand,fan,burst|A hand starts a spinning fan.
switch off|stop an electrical device|Switch off the fan before you leave.|A1–A2|hand,fan,cross|A hand stops a fan spinning.
think over|consider carefully|I'll think over your suggestion tonight.|B1–B2|person,bulb,over|A person studies an idea carefully.
tidy up|make a place orderly|Tidy up your desk before you go.|A1–A2|desk,paper,check|Loose papers are neatly arranged on a desk.
bring down|reduce an amount|Better insulation brought down our heating bill.|B1–B2|house,chart,down|A house is paired with a falling cost chart.
build up|increase gradually|She built up her strength by walking daily.|B1–B2|person,chart,up|A walker gains strength on a rising chart.
catch up|reach the same position as someone|I walked faster to catch up with my friends.|B1–B2|runner,people,follow|A runner closes the gap to a group of friends.
come about|happen or develop|How did this change come about?|C1|question,chart,change|A question points toward a changing chart.
come around|change your opinion|He came around after hearing the full plan.|C1|person,plan,around|A listener turns back toward a new plan.
come off|become detached|The handle came off the old drawer.|B1–B2|drawer,piece,away|A handle separates from an old drawer.
come on|encourage someone to act|Come on, you can finish the last lap!|A1–A2|speech,runner,help|A cheering voice encourages a runner.
come through|survive a difficult experience|She came through the difficult winter well.|C1|person,barrier,through|A person emerges beyond a difficult obstacle.
go along|agree with a plan|The team went along with her idea.|B1–B2|team,bulb,check|A team agrees with a suggested idea.
go around|move around a place or obstacle|We went around the lake on foot.|B1–B2|person,island,around|A walker circles a lake island.
go in|enter a place|We went in when the shop opened.|A1–A2|person,shop,toward|A customer moves into an open shop.
lay down|put something on a surface|Lay down the map so we can read it.|B1–B2|map,table,down|A map is laid flat on a table.
lay out|arrange things for a purpose|She laid out the tools before starting.|B1–B2|tool,table,connect|Tools are arranged neatly across a table.
look around|inspect a place|We looked around the museum for an hour.|A1–A2|eye,building,around|An eye surveys the rooms of a building.
look down|direct your eyes toward a lower place|Look down and you'll see the river.|A1–A2|eye,sea,down|An eye looks downward toward water.
move back|return to an earlier position|Move back from the edge of the platform.|B1–B2|person,edge,back|A person steps back from a platform edge.
move up|advance to a higher place or level|She moved up to the next class.|B1–B2|child,school,up|A pupil advances to a higher school level.
play out|develop to a conclusion|Let's see how the story plays out.|C1|book,clock,forward|A story unfolds across the hands of a clock.
pull back|withdraw from a position|The cyclists pulled back when rain began.|C1|bike,rain,back|Cyclists retreat as rain starts.
pull up|stop a vehicle|The taxi pulled up outside our house.|B1–B2|car,house,wait|A car stops outside a house.
reach out|contact someone to offer support|I reached out to my friend after the news.|B1–B2|hand,phone,toward|A hand reaches toward a phone to contact someone.
run out|be used up completely|The paint ran out before we finished the wall.|B1–B2|paint,wall,cross|An empty paint tin sits beside an unfinished wall.
send out|distribute to many people|The office sent out invitations on Monday.|B1–B2|letter,people,away|Invitations travel out to several people.
set about|start dealing with a task|She set about repairing the gate.|C1|person,gate,toward|A person starts fixing a garden gate.
shut up|stop speaking; often impolite|He finally shut up when the film started.|B1–B2|person,speech,close|A speech bubble closes beside a person.
sit up|move into an upright seated position|The patient sat up in bed to drink water.|A1–A2|bed,patient,up|A patient rises upright in a bed.
start out|begin a journey or activity|We started out early to avoid traffic.|B1–B2|person,road,forward|Travelers begin moving along an empty road.
take down|remove from a higher place|They took down the old poster.|B1–B2|hand,picture,down|A hand lowers a framed picture.
take in|understand new information|I needed time to take in the news.|B1–B2|person,report,inside|A person absorbs information from a report.
wake up|stop sleeping|The baby woke up when the dog barked.|A1–A2|bed,alarm,burst|A sleeper wakes as a loud sound rings out.
walk out|leave suddenly|He walked out of the meeting in anger.|B1–B2|person,door,away|A person suddenly leaves through a door.
wind up|end in an unexpected situation|We wound up at the wrong station.|C1|person,station,burst|A traveler finds an unexpected station.
